text,escalation_score_haiku,escalation_score_sonnet,escalation_diff,blame_direction_haiku,blame_direction_sonnet
"I‚Äôve always had a very good relationship with Vladimir Putin of Russia, but something has happened to him. He has gone absolutely CRAZY! He is needlessly killing a lot of people, and I‚Äôm not just talking about soldiers. Missiles and drones are being shot into Cities in Ukraine, for no reason whatsoever. I‚Äôve always said that he wants ALL of Ukraine, not just a piece of it, and maybe that‚Äôs proving to be right, but if he does, it will lead to the downfall of Russia! Likewise, President Zelenskyy is doing his Country no favors by talking the way he does. Everything out of his mouth causes problems, I don‚Äôt like it, and it better stop. This is a War that would never have started if I were President. This is Zelenskyy‚Äôs, Putin‚Äôs, and Biden‚Äôs War, not ‚ÄúTrump‚Äôs,‚Äù I am only helping to put out the big and ugly fires, that have been started through Gross Incompetence and Hatred.",6.0,3.0,3.0,0.0,1.0
"Just completed my two hour call with President Vladimir Putin of Russia. I believe it went very well. Russia and Ukraine will immediately start negotiations toward a Ceasefire and, more importantly, an END to the War. The conditions for that will be negotiated between the two parties, as it can only be, because they know details of a negotiation that nobody else would be aware of. The tone and spirit of the conversation were excellent. If it wasn‚Äôt, I would say so now, rather than later. Russia wants to do largescale TRADE with the United States when this catastrophic ‚Äúbloodbath‚Äù is over, and I agree. There is a tremendous opportunity for Russia to create massive amounts of jobs and wealth. Its potential is UNLIMITED. Likewise, Ukraine can be a great beneficiary on Trade, in the process of rebuilding its Country. Negotiations between Russia and Ukraine will begin immediately. I have so informed President Volodymyr Zelenskyy, of Ukraine, Ursula von der Leyen, President of the European Commission, President Emmanuel Macron, of France, Prime Minister Giorgia Meloni, of Italy, Chancellor Friedrich Merz, of Germany, and President Alexander Stubb, of Finland, during a call with me, immediately after the call with President Putin. The Vatican, as represented by the Pope, has stated that it would be very interested in hosting the negotiations. Let the process begin!",4.0,1.0,3.0,0.0,-1.0
"No matter what deal I make with respect to Russia/Ukraine, no matter how good it is, even if it‚Äôs the greatest deal ever made, The Failing New York Times will speak BADLY of it. Liddle‚Äô Peter Baker, the very biased and untalented writer for The Times, followed his Editor‚Äôs demands and wrote that Ukraine should get back territory, including, I suppose, Crimea, and other ridiculous requests, in order to stop the killing that is worse than anything since World War II. Why doesn‚Äôt this lightweight reporter say that it was Obama who made it possible for Russia to steal Crimea from Ukraine without even a shot being fired. It was also Liddle‚Äô Peter who wrote an absolutely fawning, yet terribly  written Biography, on Obama. It was a JOKE! Did Baker ever criticize the Obama Crimea Giveaway? NO, not once, only TRUMP, and I‚Äôve had nothing to do with this stupid war, other than early on, when I gave Ukraine Javelins, and Obama gave them sheets. This is Sleepy Joe Biden‚Äôs War, not mine. It was a loser from day one, and should have never happened, and wouldn‚Äôt have happened if I were President at the time. I‚Äôm just trying to clean up the mess that was left to me by Obama and Biden, and what a mess it is. With all of that being said, there was no reason for Putin to be shooting missiles into civilian areas, cities and towns, over the last few days. It makes me think that maybe he doesn‚Äôt want to stop the war, he‚Äôs just tapping me along, and has to be dealt with differently, through ‚ÄúBanking‚Äù or ‚ÄúSecondary Sanctions?‚Äù Too many people are dying!!!",6.0,3.0,3.0,0.0,0.0
"Following my Day One Executive Order, the Office of Personnel Management will be issuing new Civil Service Regulations for career government employees. Moving forward, career government employees, working on policy matters, will be classified as ‚ÄúSchedule Policy/Career,‚Äù and will be held to the highest standards of conduct and performance. If these government workers refuse to advance the policy interests of the President, or are engaging in corrupt behavior, they should no longer have a job. This is common sense, and will allow the federal government to finally be ‚Äúrun like a business.‚Äù We must root out corruption and implement accountability in our Federal Workforce!",3.0,0.0,3.0,-1.0,-1.0
"Yesterday, China issued Retaliatory Tariffs of 34%, on top of their already record setting Tariffs, Non-Monetary Tariffs, Illegal Subsidization of companies, and massive long term Currency Manipulation, despite my warning that any country that Retaliates against the U.S. by issuing additional Tariffs, above and beyond their already existing long term Tariff abuse of our Nation, will be immediately met with new and substantially higher Tariffs, over and above those initially set. Therefore, if China does not withdraw its 34% increase above their already long term trading abuses by tomorrow, April 8th, 2025, the United States will impose ADDITIONAL Tariffs on China of 50%, effective April 9th. Additionally, all talks with China concerning their requested meetings with us will be terminated! Negotiations with other countries, which have also requested meetings, will begin taking place immediately. Thank you for your attention to this matter!",6.0,0.0,6.0,0.0,-1.0
"YOU HAVE A SITUATION (RUSSIA-UKRAINE) WHERE YOU HAVE A LOT OF GUNS POINTING AT EACH OTHER, FOOLISHLY‚ÄîBECAUSE IT WOULD HAVE NEVER HAPPENED IF I WAS PRESIDENT‚Ä¶",6.0,3.0,3.0,0.0,-1.0
"We had very good and productive discussions with President Vladimir Putin of Russia yesterday, and there is a very good chance that this horrible, bloody war can finally come to an end ‚Äî BUT, AT THIS VERY MOMENT, THOUSANDS OF UKRAINIAN TROOPS ARE COMPLETELY SURROUNDED BY THE RUSSIAN MILITARY, AND IN A VERY BAD AND VULNERABLE POSITION. I have strongly requested to President Putin that their lives be spared. This would be a horrible massacre, one not seen since World War II. God bless them all!!!",6.0,3.0,3.0,0.0,-1.0
"Crooked Joe Biden got us into a real ‚Äúmess‚Äù with Russia (and EVERYTHING ELSE!), but I‚Äôm going to get us out. Millions of people are needlessly dead, never to be seen again‚Ä¶and there will be many more to follow if we don‚Äôt get the Cease Fire and Final Agreement with Russia completed and signed. There would have been NO WAR if I were President. It just, 100%, would not have happened. Likewise, there would have been no October 7th with Israel, the pullout from Afghanistan would have been done with strength and pride, and would not have been the most embarrassing day in the history of our Country, it could have been a moment of glory. Also, there would not have been any perceptible inflation - Instead we had Record Setting, Country Destroying Inflation, like we have never seen before. Also, we would have had an impenetrable Border, with very few illegals getting in. Oh, what a difference A RIGGED &amp; CROOKED ELECTION HAD ON OUR COUNTRY, AND THE PEOPLE WHO DID THIS TO US SHOULD GO TO JAIL! GOD BLESS AMERICA AND, MAKE AMERICA GREAT AGAIN!",4.0,1.0,3.0,0.0,0.0
"This is the worst statement that could have been made by Zelenskyy, and America will not put up with it for much longer! It is what I was saying, this guy doesn‚Äôt want there to be Peace as long as he has America‚Äôs backing and, Europe, in the meeting they had with Zelenskyy, stated flatly that they cannot do the job without the U.S. ‚Äì Probably not a great statement to have been made in terms of a show of strength against Russia. What are they thinking? https://apnews.com/article/russia-ukraine-war-zelenskyy-starmer-trump-b025877c40ffe0ddf2a92adad1715231",6.0,3.0,3.0,0.0,0.0
"I am pleased to nominate Paul Dabbar to be United States Deputy Secretary of Commerce. Paul will work closely with our Great Secretary of Commerce, Howard Lutnick, to bring back American Leadership in Global Commerce, Trade, and Technology. Paul served as my Under Secretary of Energy for Science, where he lead the National Labs that started as the Manhattan Project, helping to drive semiconductors, AI, quantum, Energy Dominance, and our War-fighting capabilities. Previously, Paul was a Nuclear Submarine Officer, and is a graduate of the U.S. Naval Academy and Columbia University. Congratulations Paul!",3.0,0.0,3.0,0.0,-1.0
"I just had a lengthy and highly productive phone call with President Vladimir Putin of Russia. We discussed Ukraine, the Middle East, Energy, Artificial Intelligence, the power of the Dollar, and various other subjects. We both reflected on the Great History of our Nations, and the fact that we fought so successfully together in World War II, remembering, that Russia lost tens of millions of people, and we, likewise, lost so many! We each talked about the strengths of our respective Nations, and the great benefit that we will someday have in working together. But first, as we both agreed, we want to stop the millions of deaths taking place in the War with Russia/Ukraine. President Putin even used my very strong Campaign motto of, ‚ÄúCOMMON SENSE.‚Äù We both believe very strongly in it. We agreed to work together, very closely, including visiting each other‚Äôs Nations. We have also agreed to have our respective teams start negotiations immediately, and we will begin by calling President Zelenskyy, of Ukraine, to inform him of the conversation, something which I will be doing right now. I have asked Secretary of State Marco Rubio, Director of the CIA John Ratcliffe, National Security Advisor Michael Waltz, and Ambassador and Special Envoy Steve Witkoff, to lead the negotiations which, I feel strongly, will be successful. Millions of people have died in a War that would not have happened if I were President, but it did happen, so it must end. No more lives should be lost! I want to thank President Putin for his time and effort with respect to this call, and for the release, yesterday, of Marc Fogel, a wonderful man that I personally greeted last night at the White House. I believe this effort will lead to a successful conclusion, hopefully soon!",4.0,1.0,3.0,0.0,-1.0
"I just spoke with President Claudia Sheinbaum of Mexico. It was a very friendly conversation wherein she agreed to immediately supply 10,000 Mexican Soldiers on the Border separating Mexico and the United States. These soldiers will be specifically designated to stop the flow of fentanyl, and illegal migrants into our Country. We further agreed to immediately pause the anticipated tariffs for a one month period during which we will have negotiations headed by Secretary of State Marco Rubio, Secretary of Treasury Scott Bessent, and Secretary of Commerce Howard Lutnick, and high-level Representatives of Mexico. I look forward to participating in those negotiations, with President Sheinbaum, as we attempt to achieve a ‚Äúdeal‚Äù between our two Countries.",4.0,0.0,4.0,0.0,-1.0
"Many people in Canada LOVE being the 51st State. The United States can no longer suffer the massive Trade Deficits and Subsidies that Canada needs to stay afloat. Justin Trudeau knew this, and resigned. If Canada merged with the U.S., there would be no Tariffs, taxes would go way down, and they would be TOTALLY SECURE from the threat of the Russian and Chinese Ships that are constantly surrounding them. Together, what a great Nation it would be!!!",3.0,0.0,3.0,0.0,-1.0
"Opposition fighters in Syria, in an unprecedented move, have totally taken over numerous cities, in a highly coordinated offensive, and are now on the outskirts of Damascus, obviously preparing to make a very big move toward taking out Assad. Russia, because they are so tied up in Ukraine, and with the loss there of over 600,000 soldiers, seems incapable of stopping this literal march through Syria, a country they have protected for years. This is where former President Obama refused to honor his commitment of protecting the RED LINE IN THE SAND, and all hell broke out, with Russia stepping in. But now they are, like possibly Assad himself, being forced out, and it may actually be the best thing that can happen to them. There was never much of a benefit in Syria for Russia, other than to make Obama look really stupid. In any event, Syria is a mess, but is not our friend, &amp; THE UNITED STATES SHOULD HAVE NOTHING TO DO WITH IT. THIS IS NOT OUR FIGHT. LET IT PLAY OUT. DO NOT GET INVOLVED!",6.0,2.0,4.0,0.0,0.0
"As everyone is aware, thousands of people are pouring through Mexico and Canada, bringing Crime and Drugs at levels never seen before. Right now a Caravan coming from Mexico, composed of thousands of people, seems to be unstoppable in its quest to come through our currently Open Border. On January 20th, as one of my many first Executive Orders, I will sign all necessary documents to charge Mexico and Canada a 25% Tariff on ALL products coming into the United States, and its ridiculous Open Borders. This Tariff will remain in effect until such time as Drugs, in particular Fentanyl, and all Illegal Aliens stop this Invasion of our Country! Both Mexico and Canada have the absolute right and power to easily solve this long simmering problem. We hereby demand that they use this power, and until such time that they do, it is time for them to pay a very big price!",4.0,0.0,4.0,0.0,-1.0
"We are building the biggest and broadest coalition in American Political History. This includes record-breaking numbers of Arab and Muslim Voters in Michigan who want PEACE. They know Kamala and her warmonger Cabinet will invade the Middle East, get millions of Muslims killed, and start World War III. VOTE TRUMP, AND BRING BACK PEACE! https://swampthevoteusa.com/",4.0,8.0,-4.0,0.0,0.0
"Mimi Ramirez-Rodriguez was kidnapped and murdered by an illegal alien‚Äîleaving behind a 9 year-old girl. I met her grieving mom Carmen tonight in Georgia. With your vote Tuesday, we will end Kamala‚Äôs invasion and we will not allow illegals to spill one more drop of American blood.",4.0,0.0,4.0,0.0,-1.0
"RT @TeamTrumpPRESIDENT TRUMP: ""We are running against the most radical, most incompetent, most unfit Vice President in history. No one respects her. No one trusts her. No one takes her seriously. Something is clearly wrong with her. She can‚Äôt put two sentences together. She is an international joke and is going to end up getting us into a Third World War.""",3.0,8.0,-5.0,0.0,0.0
‚ÄúMYSTERY DRONES SWARMED A U.S. MILITARY BASE FOR 17 DAYS. THE PENTAGON IS STUMPED‚Äù,6.0,3.0,3.0,0.0,-1.0
RT @TrumpLadyTNThey best heed the warning...,2.0,6.0,-4.0,0.0,1.0
"Things on the campaign against the Communist Left are going very well, but the World is now a very dangerous place. Kamala (and Joe!) is unable to answer even the simplest of questions. It‚Äôs CRAZY! If she can‚Äôt do that, how can she represent us on stopping World War lll? The answer is simple, she can‚Äôt! MAGA2024",3.0,7.0,-4.0,-1.0,0.0
"This Election is about the ECONOMY, INFLATION, OPEN BORDERS (ILLEGAL IMMIGRATION), RESPECT FOR OUR NATION, PREVENTING WORLD WAR lll AND A 1929 STYLE DEPRESSION‚Ä¶",4.0,8.0,-4.0,0.0,0.0
"Today‚Äôs Attack on Israel cannot be forgotten. It will go down as another moment in History created by a weak and ineffective United States President and Vice President. With time, this situation will only get worse for our Country. It must galvanize the Republican Party, Democrats, Independents, Conservatives, Progressives, Libertarians, and everybody else to put STRENGTH, RESPECT, AND POWER back into the U.S.A. This Attack, just like the Attack of October 7th, or the Ukraine/Russia War, would have never happened if I were President! It is a dangerous and terrible time for the World, and it is almost the entire fault of the incompetent Biden-Harris Administration. It must be changed, and quickly. MAKE AMERICA GREAT AGAIN!",6.0,2.0,4.0,0.0,0.0
"P.M. Netanyahu of Israel had a terrible and ‚Äúinsulting‚Äù meeting in D.C. with Kamala Harris, who also refused to preside over Congress during his speech, which is an obligation of the V.P. Rarely has such a thing happened. Her ineptness will greatly prolong the war and delay the hostage release. The same people that embarrassed us in AFGHANISTAN with their gross incompetence, are the ones who are telling Israel not to fight any longer with Hamas. Forget October 7th, they say! Any Jewish person that votes for Kamala, or a Democrat, should immediately have their head examined. Likewise Catholics, who are being persecuted by this Administration, should not be voting for Radical Left Kamala. VOTE TRUMP 2024. MAKE AMERICA GREAT AGAIN!!!",3.0,0.0,3.0,0.0,-1.0
RT @RSBNTrump on the Russia/Ukraine war: ‚ÄúI will have that settled prior to taking the White House as President-Elect.‚ÄùWATCH LIVE:  https://www.rsbnetwork.com/video/live-president-trump-speaks-at-the-peoples-convention-in-detroit-6-15-24/,4.0,1.0,3.0,0.0,-1.0
"2024 is our final battle. With your help, we will demolish the Deep State, we will expel the warmongers from our government, we will drive out the globalists, we will cast out the Communists, Marxists, and Fascists, we will throw off the sick political class that hates our country, we will Drain the Swamp, and we will rescue our country from these tyrants and villains once and for all. The Great Liberation of America Begins on November 5th, 2024‚ÄîAnd the Forgotten Man and Woman Will Be Forgotten No Longer! https://www.DonaldJTrump.com",6.0,2.0,4.0,0.0,-1.0
"2024 is our Final Battle. With you at my side, we will demolish the Deep State, we will expel the warmongers from our government, we will drive out the globalists, we will cast out the Communists, Marxists, and Fascists, we will throw off the sick political class that hates our Country, we will rout the Fake News Media, we will Drain the Swamp, and we will liberate our country from these tyrants and villains once and for all!THANK YOU SOUTH CAROLINA!!! https://sc.donaldjtrump.com/",6.0,2.0,4.0,0.0,-1.0
"RT @realDonaldTrumpThe stakes of this election could not be higher. Under Crooked Joe Biden, our borders have been erased. Millions of illegal aliens are invading from all over the world. Our Middle Class is being crushed by Biden‚Äôs crippling inflation. Violent criminals are running wild in Democrat-run cities while law enforcement has been weaponized against Christians, conservatives, and people of faith. We have war in Europe, war in the Middle East, China is threatening Taiwan, Iran is inches away from a nuclear bomb, our military has gone woke, and we are teetering on the brink of World War III.I am the ONLY candidate in this race who is up to the task of saving America from every single Biden disaster starting on DAY ONE! https://ia.donaldjtrump.com/",6.0,9.0,-3.0,0.0,0.0
"RT @ElectionwizPOLITICO: ‚ÄúWith U.S. and European aid to Ukraine now in serious jeopardy, the Biden administration and European officials are quietly shifting their focus from supporting Ukraine‚Äôs goal of total victory over Russia to improving its position in an eventual negotiation to end the war.‚Äù",4.0,1.0,3.0,0.0,-1.0
"Just three years ago, our economy was booming, the world was safe, and America was strong. Annual incomes went up by more than $6,000 under the Trump administration, and they went down by about $6,000 under the horrible Biden administration ‚Äî the worst in the history of our country. The 30-year mortgage rate reached a record low of 2.65%. We had no inflation. We had gasoline down to $1.87 per gallon. ‚Ä¶ Under Crooked Joe Biden, the economy is in shambles and the world is going up in flames. Real incomes have gone down by $7,400 per family. ‚Ä¶ Cumulative inflation is nearly 20%. ‚Ä¶ We have war in Europe. We have wars in the Middle East. And we are stumbling into World War III.",6.0,2.0,4.0,0.0,0.0
https://thepostmillennial.com/breaking-president-trump-pledges-to-end-ukraine-war-before-even-taking-office,4.0,1.0,3.0,0.0,-1.0
https://www.rsbnetwork.com/news/trump-i-will-prevent-world-war-three/,4.0,7.0,-3.0,0.0,0.0
"The fight in GAZA is ‚Äúcoming home‚Äù to the USA. The tens of thousands of strong young men from the Middle East, that have already ‚Äúinvaded‚Äù our Country, and are continuing to come, totally unchecked, will become a problem the likes of which we have never seen before. Crooked Joe Biden is a very ignorant (STUPID!) man, who has NEVER been right on a foreign policy issue in his life. CLOSE OUR BORDER, NOW. STOP THE ONSLAUGHT, STOP THE INVASION!",6.0,2.0,4.0,0.0,-1.0
RT @realDonaldTrump‚ÄúTRUMP SPEAKS OUT ON HAMAS WAR ON ISRAEL: ‚ÄòAN ACT OF SAVAGERY THAT MUST AND WILL BE CRUSHED‚Äô‚Äù https://www.rsbnetwork.com/news/trump-speaks-out-on-hamas-war-on-israel-an-act-of-savagery-that-must-and-will-be-crushed/,7.0,0.0,7.0,1.0,-1.0
‚ÄúTRUMP SPEAKS OUT ON HAMAS WAR ON ISRAEL: ‚ÄòAN ACT OF SAVAGERY THAT MUST AND WILL BE CRUSHED‚Äô‚Äù https://www.rsbnetwork.com/news/trump-speaks-out-on-hamas-war-on-israel-an-act-of-savagery-that-must-and-will-be-crushed/,6.0,0.0,6.0,1.0,-1.0
"In addition to the fact that my Net Worth is much greater than the number shown in the Financial Statements, there is a POWERFUL Disclaimer Clause (some call it a ‚Äúnon-reliance clause,‚Äù others a ‚Äúbuyer beware clauseÔøº‚Äù), BOLDLY STATED on pages 1 &amp; 2, explaining that there should be no reliance placed on these Financial Statements, but instead everyone should do their own independent research, analysis, and due diligence. This was fully accepted &amp; acknowledged by the banks, but it didn‚Äôt matter because all loans were good, &amp; there were no defaults or problems of any kind. The banks were represented by highly sophisticated attorneys, were paid full interest, &amp; made money. There were no defaults or any other problems. This is a lawsuit that should never have been brought. It is a POLITICALLY MOTIVATED WITCH HUNT by a Racist Attorney General, and a Deranged, Trump Hating Judge. It is ELECTION INTERFERENCE at a level never seen before. No wonder people and companies are fleeing New York!",3.0,0.0,3.0,0.0,-1.0
"Many say that it‚Äôs 100 times bigger than Watergate, and yet the Mainstream Media doesn‚Äôt even report the fact that Joe Biden has illegally taken millions and millions of dollars from China, Ukraine, and many other countries. Is that why Biden is allowing China to build MILITARY FACILITIES in Cuba, why hundreds of billions of dollars are given, without any control, to Ukraine, or why we allow the Cartels to totally run our horrendous OPEN BORDER? We are a corrupt Country with a corrupt Media!",6.0,2.0,4.0,0.0,-1.0
"NOW THAT THE ‚ÄúSEAL‚Äù IS BROKEN, IN ADDITION TO CLOSING THE BORDER &amp; REMOVING ALL OF THE ‚ÄúCRIMINAL‚Äù ELEMENTS THAT HAVE ILLEGALLY INVADED OUR COUNTRY, MAKING AMERICA ENERGY INDEPENDENT, &amp; EVEN DOMINANT AGAIN, &amp; IMMEDIATELY ENDING THE WAR BETWEEN RUSSIA &amp; UKRAINE, I WILL APPOINT A REAL SPECIAL ‚ÄúPROSECUTOR‚Äù TO GO AFTER THE MOST CORRUPT PRESIDENT IN THE HISTORY OF THE USA, JOE BIDEN, THE ENTIRE BIDEN CRIME FAMILY, &amp; ALL OTHERS INVOLVED WITH THE DESTRUCTION OF OUR ELECTIONS, BORDERS, &amp; COUNTRY ITSELF!",4.0,1.0,3.0,0.0,0.0
"IT‚ÄôS TIME!!! WE ARE A NATION IN STEEP DECLINE, BEING LED INTO WORLD WAR III BY A CROOKED POLITICIAN WHO DOESN‚ÄôT EVEN KNOW HE‚ÄôS ALIVE, BUT WHO IS SURROUNDED BY EVIL &amp; SINISTER PEOPLE WHO, BASED ON THEIR ACTIONS ON DEFUNDING THE POLICE, DESTROYING OUR MILITARY, OPEN BORDERS, NO VOTER I.D., INFLATION, RAISING TAXES, &amp; MUCH MORE, CAN ONLY HATE OUR NOW FAILING USA. WE JUST CAN‚ÄôT ALLOW THIS ANYMORE. THEY‚ÄôRE  KILLING OUR NATION AS WE SIT BACK &amp; WATCH. WE MUST SAVE AMERICA!PROTEST, PROTEST, PROTEST!!!",4.0,8.0,-4.0,0.0,0.0
https://thepostmillennial.com/breaking-trump-vows-to-prevent-world-war-iii-put-america-first-again-in-epic-cpac-speech,3.0,7.0,-4.0,0.0,0.0
"Thank you Gavin Wax, very much. The problem is, many of the people that get elected to office know what to do (that‚Äôs the easy part), but they have no idea how to pull it off. They don‚Äôt know how to talk to the other side, they can‚Äôt cajole, be jovial or be, perhaps, angry. As an example, President Putin of Russia would have never gone into Ukraine! https://townhall.com/columnists/gavinwax/2023/02/19/there-is-no-trumpism-without-trump-n2619606",6.0,2.0,4.0,-1.0,0.0
We wouldn‚Äôt have had the War with Russia and Ukraine if I were President. I could also end it in 24 hours‚Äîwhich is what should happen!,6.0,2.0,4.0,0.0,-1.0
"I found John Bolton to be one of the dumbest people in Government but, I am proud to say, I used him well. A total &amp; unhinged WARMONGER, the red faced ‚Äúboiler ready to explode‚Äù was one of those very stupid voices that got us into the Middle East quicksand. Seven Trillion Dollars, &amp; Millions of deaths later, NOTHING! The good news is that I won big negotiations with this moron by my side. When I brought him into a room with hostile foreign leaders, they thought I was going to war, CONCEEDED ALL!",6.0,3.0,3.0,0.0,0.0
"RT @realDonaldTrumpIF I WERE PRESIDENT, THE RUSSIA/UKRAINE WAR WOULD NEVER HAVE HAPPENED, BUT EVEN NOW, IF PRESIDENT, I WOULD BE ABLE TO NEGOTIATE AN END TO THIS HORRIBLE AND RAPIDLY ESCALATING WAR WITHIN 24 HOURS. SUCH A TRAGIC WASTE OF HUMAN LIFE!!!",4.0,1.0,3.0,0.0,-1.0
RT: https://truthsocial.com/users/realDonaldTrump/statuses/109009712511776140Am so looking forward to beginning the battle. MAKE AMERICA GREAT AGAIN!!!,6.0,2.0,4.0,-1.0,-1.0
"U.S. ‚ÄúLeadership‚Äù should remain ‚Äúcool, calm, and dry‚Äù on the SABOTAGE of the Nord Stream Pipelines. This is a big event that should not entail a big solution, at least not yet. The Russia/Ukraine catastrophe should NEVER have happened, and would definitely not have happened if I were President. Do not make matters worse with the pipeline blowup. Be strategic, be smart (brilliant!), get a negotiated deal done NOW. Both sides need and want it. The entire World is at stake. I will head up group???",4.0,1.0,3.0,0.0,0.0
"If you look at the words and meaning of the awkward and angry Biden speech tonight, he threatened America, including with the possible use of military force. He must be insane, or suffering from late stage dementia!",6.0,2.0,4.0,-1.0,-1.0
"Same thing‚Äôs going to happen in Wyoming to Virginia ‚Äúresident‚Äù Liz Cheney, that happened in South Carolina to Congressman ‚ÄúImpeach Master‚Äù Tom Rice, who lost as an incumbent by 28 points! To me she is nothing less than a war criminal who has done a TERRIBLE job for the Great State of Wyoming!",4.0,0.0,4.0,-1.0,-1.0
Secretary of State Rubio: It is going to be the official policy of the United States that the war in Ukraine needs to come to an END.,4.0,1.0,3.0,0.0,-1.0
"Scoop: Hegseth opening statement pledges Pentagon ""warrior ethos""https://www.axios.com/2025/01/14/pete-hegseth-pentagon-confirmation-opening-statement",6.0,1.0,5.0,0.0,-1.0
"Senator Ted Cruz: I've met with @PeteHegseth twice... If you look at his background, he's a decorated combat veteran. He has spent virtually his entire adult life as a campion and advocate for the military, for veterans. And I think he has a very clear-eyed focus on moving the Department of Defense back to its core mission of supporting the warfighter.",4.0,0.0,4.0,0.0,-1.0
"America's future Secretary of Defense @PeteHegseth: ""Return the Pentagon to the warfighters. Get in there and clean out all the social justice, politically correct garbage on top, and get back to lethality, war-fighting, accountability, meritocracy, and readiness... Address the recruiting crisis, address the retention crisis.""",6.0,2.0,4.0,0.0,-1.0
"RT @realDonaldTrumpOpposition fighters in Syria, in an unprecedented move, have totally taken over numerous cities, in a highly coordinated offensive, and are now on the outskirts of Damascus, obviously preparing to make a very big move toward taking out Assad. Russia, because they are so tied up in Ukraine, and with the loss there of over 600,000 soldiers, seems incapable of stopping this literal march through Syria, a country they have protected for years. This is where former President Obama refused to honor his commitment of protecting the RED LINE IN THE SAND, and all hell broke out, with Russia stepping in. But now they are, like possibly Assad himself, being forced out, and it may actually be the best thing that can happen to them. There was never much of a benefit in Syria for Russia, other than to make Obama look really stupid. In any event, Syria is a mess, but is not our friend, &amp; THE UNITED STATES SHOULD HAVE NOTHING TO DO WITH IT. THIS IS NOT OUR FIGHT. LET IT PLAY OUT. DO NOT GET INVOLVED!",6.0,2.0,4.0,0.0,1.0
"Senator Rick Scott: ""I just had a great meeting with @PeteHegseth, the next Secretary of Defense. I'll tell you why I support him: I admire people who are willing to put on the uniform and lead troops into battle... When he goes in the Department of Defense, he will walk in with the mentality that he's going to take care of our warfighters.""",4.0,0.0,4.0,0.0,-1.0
"The next Secretary of Defense, Pete Hegseth: ‚ÄúI spoke to the President-elect this morning. He said keep going, keep fighting‚Ä¶Why would I back down? I‚Äôve always been a fighter. I‚Äôm here for the warfighters. This is personal &amp; passionate for me.‚Äù üî•",7.0,2.0,5.0,0.0,-1.0
"@DonaldJTrumpJr: ""If everyone gets out tomorrow and votes ‚Äî if everyone brings their friends, we can win this things and we can win it outright tomorrow... You can have cheap groceries and affordable housing again, or you can have World War 3...""",4.0,8.0,-4.0,0.0,0.0
"RT @realDonaldTrumpWe are building the biggest and broadest coalition in American Political History. This includes record-breaking numbers of Arab and Muslim Voters in Michigan who want PEACE. They know Kamala and her warmonger Cabinet will invade the Middle East, get millions of Muslims killed, and start World War III. VOTE TRUMP, AND BRING BACK PEACE! https://swampthevoteusa.com/",4.0,8.0,-4.0,0.0,0.0
"PRESIDENT TRUMP: When you vote on Tuesday, vote in honor of Kayla, and Jocelyn, and Laken Riley... and every American who has been stolen from us by Kamala‚Äôs open border.The day I take the oath of office, the migrant invasion ENDS, and the restoration of our country BEGINS!",3.0,0.0,3.0,-1.0,-1.0
"RT: https://truthsocial.com/users/TeamTrump/statuses/113407824953105849Do you want your kids sent to die in endless foreign wars by D.C. politicians who stand to gain from it? No ‚Äî and President Trump doesn't either. He's the PRESIDENT OF PEACE.The morons at @KamalaHQ and in the Fake News struggle with comprehension, so here's the transcript:""She's a radical war hawk. Let's put her with a rifle standing there with nine barrels shooting at her, okay? Let's see how she feels about it, you know, when the guns are trained on her face. You know, they're all war hawks when they're sitting in Washington in a nice building saying, 'Oh, gee, we'll‚Äî let's send, let's send 10,000 troops right into the mouth of the enemy. But she's a stupid person.""",6.0,3.0,3.0,0.0,0.0
"PRESIDENT TRUMP: ""For 4 straight years, Kamala Harris has imported an ARMY of illegal alien gang members and migrant criminals from prisons and jails -- When I win on November 5th, the migrant invasion ENDS, and the restoration of our country BEGINS.""",3.0,0.0,3.0,-1.0,-1.0
"PRESIDENT TRUMP: ""We are running against the most radical, most incompetent, most unfit Vice President in history. No one respects her. No one trusts her. No one takes her seriously. Something is clearly wrong with her. She can‚Äôt put two sentences together. She is an international joke and is going to end up getting us into a Third World War.""",4.0,8.0,-4.0,0.0,0.0
RT @realDonaldTrump‚ÄúMYSTERY DRONES SWARMED A U.S. MILITARY BASE FOR 17 DAYS. THE PENTAGON IS STUMPED‚Äù,6.0,3.0,3.0,0.0,-1.0
"Yahya Sinwar ‚Äî the Hamas leader responsible for the worst attack on Jews since the Holocaust ‚Äî was killed by Israeli forces today in Rafah.In March, Kamala said an Israeli offensive in Rafah would be a ""huge mistake"" because she ""studied the maps.""",6.0,3.0,3.0,0.0,1.0
"RT @realDonaldTrumpWe will send elite squads of ICE, border patrol, and federal law enforcement officers to hunt down, arrest, and deport every last illegal alien gang member, until there is not a single one left. If they come back, it‚Äôs an automatic ten years in jail with no possibility of parole‚Äîand I am hereby calling for the death penalty for any migrant that kills an American citizen or a law enforcement officer.  We will close the border. We will stop the invasion of illegals into our Country. We will defend our territory. We will not be conquered. We will reclaim our sovereignty‚Äîand Colorado will vote for Trump as a protest and signal to the world that we are not going to take it anymore. I will liberate Colorado. I will give you back your freedom and your life!",6.0,0.0,6.0,0.0,-1.0
"PRESIDENT TRUMP: ""I will LIBERATE Pennsylvania and our entire nation from this mass Migrant Invasion of murderers, child predators, gang members, terrorists, drug dealers, and thugs.""",3.0,0.0,3.0,0.0,-1.0
"@JDVance1: ""We stand with Israel today and unequivocally condemn anti-Semitism whether it's in Israel, the Middle East, or in our own country. Because we want peace more than anything else -- we support Israel's right to exist, defend itself, and do what it takes to end the war.""",5.0,0.0,5.0,1.0,-1.0
"PRESIDENT TRUMP: ""Together, we will deliver low taxes, low regulations, low energy costs, low interest rates, and low inflation so that everyone can afford groceries, a nice car, and a home. We will stop the invasion, we will end migrant crime, we will strengthen our military, we will build a missile defense shield. We will keep Critical Race Theory and transgender insanity out of our schools, and keep men out of women‚Äôs sports. We will defend the Second Amendment, protect religious liberty, restore free speech, and we will secure our elections. Everyone will prosper. Every family will thrive. And every day will be filled with opportunity and hope. But for that to happen, we must defeat Kamala Harris‚Äîand we must stop her country-destroying radical-left agenda once and for all. We want a landslide that is TOO BIG TO RIG!""",3.0,0.0,3.0,0.0,-1.0
"PRESIDENT TRUMP: ""On Day One of my new administration, the INVASION of savage criminals ENDS, and on that same day, the largest deportation in our history begins.""",6.0,0.0,6.0,-1.0,-1.0
"WE WILL SEAL THE BORDER, END THE INVASION, AND CARRY OUT THE LARGEST DEPORTATION OPERATION IN AMERICAN HISTORY!",6.0,0.0,6.0,-1.0,-1.0
"PRESIDENT TRUMP: ""With your support, we will get the border shut. We will send the illegals back. We will repel the invasion IMMEDIATELY... We will defend our territory, reclaim our sovereignty, and restore the allegiance of our government to the people of this country.""",3.0,0.0,3.0,-1.0,-1.0
"PRESIDENT TRUMP: On Day One of my new administration, I will stop all migrant flights. I will shut down all entries through the migrant phone app. I will END catch-and-release. I will restore Remain in Mexico. I will bring back Title 42. I will send in federal law enforcement to rescue every town that has been taken over by migrant gangs and criminal alien thugs. We will seal the border. We will stop the invasion. And we will begin the largest deportation operation in the history of our country.",3.0,0.0,3.0,-1.0,-1.0
FLASHBACK: U.S. officials warn Border Patrol agents to watch out for improvised explosive devices (IEDs) in an internal memo.The U.S. southern border has become a WAR ZONE under Kamala Harris's watch.,4.0,0.0,4.0,0.0,-1.0
"President Trump's plan to secure our border:- Stop all migrant flights- Shut down all entries through the migrant phone app- End catch-and-release- Restore Remain in Mexico- Bring back Title 42- Send in federal law enforcement to liberate Aurora, Colorado- Send Congress a bill to ban Sanctuary Cities- Seal the border- Stop the invasion- Begin the largest deportation operation in the history of our country",4.0,0.0,4.0,0.0,-1.0
President Trump will END the war in Ukraine before he even takes office!,4.0,1.0,3.0,0.0,-1.0
President Trump on funding deportations: I'll take it out of our defense budget because this is an INVASION!,4.0,0.0,4.0,0.0,-1.0
MARIA: Do you think there are after-effects [of the assassination attempt?]@RonnyJacksonTX: I don't think so - he's a unique individual. I have never ever been prouder of my president than we he stood up with blood all over his face and raised his fist in defiance. That was his warrior spirit from deep down inside. He's a warrior. He will not be deterred.,6.0,0.0,6.0,0.0,-1.0
"Now, we go forward as ONE MOVEMENT‚Äîmore united and determined than ever before! We will never stop working to deliver a magnificent future for our people‚Äîand together, we will FIGHT, FIGHT, FIGHT, and we will WIN, WIN, WIN!",4.0,0.0,4.0,0.0,-1.0
"PRESIDENT TRUMP: And recently in Virginia at Trump National on the Potomac, I had lunch with the mother and sister of Rachel Morin.Rachel was a 37-year-old mother of 5 who was attacked, raped, and brutally murdered while out on a run. Police believe the sadistic monster charged with Rachel‚Äôs death first killed another woman in another country, then fled across Joe Biden‚Äôs wide-open border into the United States, after which he attacked a 9-year-old girl and her mother in a home invasion in Los Angeles, before murdering Rachel in Maryland.",3.0,0.0,3.0,-1.0,-1.0
"PRESIDENT TRUMP: If I was president, the war in Ukraine would never have happened, the October 7th attack on Israel would never have happened, and Russian nuclear submarines would not be circling Cuba 60 miles off our coasts.",6.0,3.0,3.0,0.0,0.0
"President Trump met with Polish President Andrzej Duda tonight in New York. The two presidents, who are great friends, discussed President Duda‚Äôs proposal for NATO countries to go to 3% spending on their defense.¬†They also discussed the war between Russia and Ukraine, the conflict with Israel in the Middle East, and many other topics having to do with getting to world peace.¬†The meeting, which took place in President Trump‚Äôs apartment at Trump Tower, lasted for two and a half hours.¬†¬†President Trump fondly recalled his landmark trip to Poland in 2017 and praised the Polish people for steadfast defense of their sovereignty and to their commitment to the security of Europe‚Äôs borders from any and all threats.President Trump is a big fan of Poland and of the Polish people.",4.0,1.0,3.0,0.0,-1.0
"President Trump: ""With your vote, I will seal the border‚ÄîI will stop the invasion... and we will liberate this nation from Crooked Joe and his migrant armies of dangerous criminals once and for all!",3.0,0.0,3.0,0.0,-1.0
"President Trump: ‚ÄúJoe Biden has no remorse, he‚Äôs got no regret, he‚Äôs got no empathy, no compassion, and worst of all, he has no intention of stopping the deadly invasion that stole precious Laken‚Äôs beautiful American life.‚Äù",3.0,0.0,3.0,0.0,-1.0
"üá∫üá∏Our brave warfighters executed counterterrorism airstrikes, killing dozens of ISIS jihadis hiding in a cave complex in Somalia.We continue to mop up the mess left by Biden. For years, terrorists killed Americans with impunity. Now, they are the prey‚Äîand we are the hunters.",4.0,0.0,4.0,0.0,-1.0
